id	label	tools	runner	root	metadata	api	consumer	bundle
haskell	Haskell	ghc+cabal	haskell	haskell	sshfling.cabal,cabal.project	src/SSHFling.hs	test/Consumer.hs	runtime
ocaml	OCaml	ocamlc+dune	ocaml	ocaml	dune-project,sshfling.opam	src/sshfling.ml	test/consumer.ml	runtime
common-lisp	Common_Lisp	sbcl	common_lisp	common-lisp	sshfling.asd	src/sshfling.lisp	test/consumer.lisp	runtime
scheme	Scheme_Guile	guile	scheme	scheme	configure.ac,configure,Makefile.am,Makefile.in	module/sshfling.scm.in	test/consumer.scm	runtime
prolog	Prolog	swipl	prolog	prolog	pack.pl	prolog/sshfling.pl	test/consumer.pl	runtime
smalltalk	Smalltalk	gst+gst-package	smalltalk	smalltalk	package.xml	src/SSHFling.st	test/consumer.st	runtime
ballerina	Ballerina	bal	ballerina	ballerina	Ballerina.toml,Dependencies.toml	sshfling.bal	tests/sshfling_test.bal	resources/runtime
roc	Roc	roc	roc	roc	package.roc,main.roc	SSHFling.roc	test/consumer.roc	runtime
janet	Janet	janet+jpm	janet	janet	project.janet	src/sshfling/init.janet	test/consumer.janet	runtime
ring	Ring	ring+ringpm	ring	ring	package.ring	lib.ring	test/consumer.ring	runtime
